<xml xmlns:o="urn:schemas-microsoft-com:office:office">
 <o:MainFile HRef="../index.htm"/>
 <o:File HRef="image1193.gif"/>
 <o:File HRef="image382.jpg"/>
 <o:File HRef="image3821.jpg"/>
 <o:File HRef="image356.gif"/>
 <o:File HRef="image359.gif"/>
 <o:File HRef="image490.gif"/>
 <o:File HRef="Page367.htm"/>
 <o:File HRef="image373.jpg"/>
 <o:File HRef="image3731.jpg"/>
 <o:File HRef="image483.gif"/>
 <o:File HRef="Page401.htm"/>
 <o:File HRef="image516.gif"/>
 <o:File HRef="image346.gif"/>
 <o:File HRef="Page575.htm"/>
 <o:File HRef="image583.gif"/>
 <o:File HRef="image595.gif"/>
 <o:File HRef="image1069.gif"/>
 <o:File HRef="Page1048.htm"/>
 <o:File HRef="image1054.gif"/>
 <o:File HRef="image501.gif"/>
 <o:File HRef="image724.jpg"/>
 <o:File HRef="image726.jpg"/>
 <o:File HRef="image728.jpg"/>
 <o:File HRef="image730.jpg"/>
 <o:File HRef="image732.jpg"/>
 <o:File HRef="image734.jpg"/>
 <o:File HRef="Page540.htm"/>
 <o:File HRef="image546.gif"/>
 <o:File HRef="image500.gif"/>
 <o:File HRef="image914.jpg"/>
 <o:File HRef="Page1073.htm"/>
 <o:File HRef="image538.gif"/>
 <o:File HRef="image913.jpg"/>
 <o:File HRef="Page1098.htm"/>
 <o:File HRef="image683.gif"/>
 <o:File HRef="image920.jpg"/>
 <o:File HRef="Page1037.htm"/>
 <o:File HRef="image705.gif"/>
 <o:File HRef="image943.jpg"/>
 <o:File HRef="image944.jpg"/>
 <o:File HRef="Page748.htm"/>
 <o:File HRef="image769.gif"/>
 <o:File HRef="image787.gif"/>
 <o:File HRef="image806.jpg"/>
 <o:File HRef="image808.jpg"/>
 <o:File HRef="image785.jpg"/>
 <o:File HRef="image750.jpg"/>
 <o:File HRef="image749.jpg"/>
 <o:File HRef="image842.jpg"/>
 <o:File HRef="image843.png"/>
 <o:File HRef="image8431.gif"/>
 <o:File HRef="image845.gif"/>
 <o:File HRef="Page844.htm"/>
 <o:File HRef="image1168.gif"/>
 <o:File HRef="filelist.xml"/>
</xml>